file,ler_baseline,ler_predecoder,pm_latency_baseline_us,pm_latency_predecoder_us,pm_speedup,model_forward_s,pm_baseline_total_s,pm_predecoder_total_s,gpu_cpu_transfer_s,data_gen_s,syndrome_density_reduction_pct,total_rounds,onnx_workflow,model_params
exp2_model1_fp32_d7.log,0.002678,0.002176,1.524,0.766,1.989,0.442,1.422,0.409,3.441,0.635,87.48,1835008,torch-only,912772
exp2_model1_trt_fp16_d7.log,0.002743,0.002216,1.512,0.767,1.972,0.149,1.451,0.401,3.467,0.626,84.36,1835008,export+TRT,912772
exp2_model1_trt_int8_d7.log,0.002804,0.002275,1.526,0.782,1.951,0.169,1.427,0.425,3.457,0.723,84.3,1835008,export+TRT,912772
exp2_model4_fp32_d7.log,0.002729,0.001411,1.52,0.746,2.036,0.479,1.418,0.351,5.87,0.692,89.82,1835008,torch-only,1797764
exp2_model4_trt_fp16_d7.log,0.002764,0.001383,1.518,0.738,2.058,0.173,1.423,0.347,5.92,0.66,87.25,1835008,export+TRT,1797764
exp2_model4_trt_int8_d7.log,0.002594,0.001398,1.525,0.733,2.08,0.176,1.42,0.348,5.917,0.689,87.28,1835008,export+TRT,1797764
