file,ler_baseline,ler_predecoder,pm_latency_baseline_us,pm_latency_predecoder_us,pm_speedup,model_forward_s,pm_baseline_total_s,pm_predecoder_total_s,gpu_cpu_transfer_s,data_gen_s,syndrome_density_reduction_pct,total_rounds,onnx_workflow,model_params
exp3_trt_fp16_d11.log,0.000555,0.000572,3.125,1.601,1.952,0.157,6.659,3.079,13.684,1.964,89.81,2883584,export+TRT,912772
exp3_trt_fp16_d13.log,0.000193,0.000273,4.231,2.322,1.822,5.341,11.514,5.954,20.635,8.126,97.55,3407872,torch-only,912772
exp3_trt_fp16_d15.log,0.000103,0.000103,5.654,3.252,1.738,0.186,18.291,10.326,35.017,4.683,90.83,3932160,export+TRT,912772
exp3_trt_fp16_d17.log,1.9e-05,4.6e-05,7.469,4.351,1.717,0.204,27.815,16.352,51.143,6.72,91.18,4456448,export+TRT,912772
exp3_trt_fp16_d21.log,8e-06,1e-05,12.261,7.112,1.724,15.154,56.997,34.292,88.515,33.774,97.88,5505024,torch-only,912772
exp3_trt_fp16_d5.log,0.005373,0.003826,1.182,0.773,1.529,1.199,0.412,0.073,1.125,1.851,95.89,1310720,torch-only,912772
exp3_trt_fp16_d7.log,0.002779,0.002277,1.523,0.771,1.975,0.153,1.423,0.399,3.466,0.642,84.38,1835008,export+TRT,912772
exp3_trt_fp16_d9.log,0.001263,0.001181,2.154,1.07,2.014,0.156,3.386,1.302,7.458,1.212,88.95,2359296,export+TRT,912772
